{
    "dataset_size": 1213,
    "num_features": {
        "quantitative": 18,
        "categorical": 9,
        "total": 27
    },
    "missing_values": {
        "quantitative": {
            "MRI_Track_Age_at_Scan": 360
        },
        "categorical": {
            "PreInt_Demos_Fam_Child_Ethnicity": 11
        }
    },
    "target": {
        "name": "ADHD_Outcome",
        "type": "numeric",
        "stats": {
            "mean": 0.685078318219291,
            "std": 0.4646762576130259,
            "min": 0,
            "max": 1,
            "median": 1.0
        }
    },
    "numerical_stats": {
        "EHQ_EHQ_Total": {
            "count": 1213.0,
            "mean": 58.876916735366855,
            "std": 49.8555006802299,
            "min": -100.0,
            "25%": 45.6,
            "50%": 76.67,
            "75%": 93.4,
            "max": 100.0
        },
        "ColorVision_CV_Score": {
            "count": 1213.0,
            "mean": 13.164880461665293,
            "std": 2.7806236549767553,
            "min": 0.0,
            "25%": 14.0,
            "50%": 14.0,
            "75%": 14.0,
            "max": 14.0
        },
        "APQ_P_APQ_P_CP": {
            "count": 1213.0,
            "mean": 3.781533388293487,
            "std": 1.3766997738223141,
            "min": 0.0,
            "25%": 3.0,
            "50%": 3.0,
            "75%": 4.0,
            "max": 12.0
        },
        "APQ_P_APQ_P_ID": {
            "count": 1213.0,
            "mean": 13.205276174773289,
            "std": 3.8117724358502185,
            "min": 0.0,
            "25%": 11.0,
            "50%": 13.0,
            "75%": 16.0,
            "max": 28.0
        },
        "APQ_P_APQ_P_INV": {
            "count": 1213.0,
            "mean": 39.37427864798021,
            "std": 6.245927880940387,
            "min": 0.0,
            "25%": 36.0,
            "50%": 40.0,
            "75%": 43.0,
            "max": 50.0
        },
        "APQ_P_APQ_P_OPD": {
            "count": 1213.0,
            "mean": 17.785655399835118,
            "std": 3.764112104767654,
            "min": 0.0,
            "25%": 16.0,
            "50%": 18.0,
            "75%": 20.0,
            "max": 28.0
        },
        "APQ_P_APQ_P_PM": {
            "count": 1213.0,
            "mean": 16.393239901071723,
            "std": 5.376994185841964,
            "min": 0.0,
            "25%": 13.0,
            "50%": 16.0,
            "75%": 19.0,
            "max": 37.0
        },
        "APQ_P_APQ_P_PP": {
            "count": 1213.0,
            "mean": 25.24649629018961,
            "std": 3.950529229829461,
            "min": 0.0,
            "25%": 23.0,
            "50%": 26.0,
            "75%": 28.0,
            "max": 30.0
        },
        "SDQ_SDQ_Conduct_Problems": {
            "count": 1213.0,
            "mean": 2.0593569661995055,
            "std": 2.0233224111756645,
            "min": 0.0,
            "25%": 0.0,
            "50%": 2.0,
            "75%": 3.0,
            "max": 10.0
        },
        "SDQ_SDQ_Difficulties_Total": {
            "count": 1213.0,
            "mean": 12.122835943940643,
            "std": 6.577206957115361,
            "min": 0.0,
            "25%": 7.0,
            "50%": 12.0,
            "75%": 17.0,
            "max": 34.0
        },
        "SDQ_SDQ_Emotional_Problems": {
            "count": 1213.0,
            "mean": 2.3075020610057706,
            "std": 2.1675490202421153,
            "min": 0.0,
            "25%": 1.0,
            "50%": 2.0,
            "75%": 4.0,
            "max": 10.0
        },
        "SDQ_SDQ_Externalizing": {
            "count": 1213.0,
            "mean": 7.557295960428689,
            "std": 4.166627187676037,
            "min": 0.0,
            "25%": 4.0,
            "50%": 7.0,
            "75%": 10.0,
            "max": 20.0
        },
        "SDQ_SDQ_Generating_Impact": {
            "count": 1213.0,
            "mean": 4.073371805441055,
            "std": 2.819730973596918,
            "min": 0.0,
            "25%": 2.0,
            "50%": 4.0,
            "75%": 6.0,
            "max": 10.0
        },
        "SDQ_SDQ_Hyperactivity": {
            "count": 1213.0,
            "mean": 5.497938994229184,
            "std": 2.836764305039786,
            "min": 0.0,
            "25%": 4.0,
            "50%": 6.0,
            "75%": 8.0,
            "max": 10.0
        },
        "SDQ_SDQ_Internalizing": {
            "count": 1213.0,
            "mean": 4.565539983511954,
            "std": 3.5196337065771965,
            "min": 0.0,
            "25%": 2.0,
            "50%": 4.0,
            "75%": 7.0,
            "max": 17.0
        },
        "SDQ_SDQ_Peer_Problems": {
            "count": 1213.0,
            "mean": 2.258037922506183,
            "std": 2.0904138682267854,
            "min": 0.0,
            "25%": 0.0,
            "50%": 2.0,
            "75%": 4.0,
            "max": 9.0
        },
        "SDQ_SDQ_Prosocial": {
            "count": 1213.0,
            "mean": 7.683429513602638,
            "std": 2.190294548440972,
            "min": 0.0,
            "25%": 6.0,
            "50%": 8.0,
            "75%": 10.0,
            "max": 10.0
        },
        "MRI_Track_Age_at_Scan": {
            "count": 853.0,
            "mean": 11.245678424384526,
            "std": 3.234372258813215,
            "min": 0.0,
            "25%": 8.803901,
            "50%": 10.739219,
            "75%": 13.460871,
            "max": 21.564453
        }
    },
    "categorical_stats": {},
    "correlations": {
        "top_positive": {
            "SDQ_SDQ_Hyperactivity": 0.5553303272164458,
            "SDQ_SDQ_Externalizing": 0.5126100372451262,
            "SDQ_SDQ_Difficulties_Total": 0.4635069940632756,
            "SDQ_SDQ_Generating_Impact": 0.41058727741334805,
            "SDQ_SDQ_Conduct_Problems": 0.27702637256995377,
            "SDQ_SDQ_Internalizing": 0.259324288904786,
            "SDQ_SDQ_Peer_Problems": 0.22132977519072644,
            "SDQ_SDQ_Emotional_Problems": 0.20763344794064403,
            "APQ_P_APQ_P_OPD": 0.14298795659576047,
            "APQ_P_APQ_P_ID": 0.12969204543408827
        },
        "top_negative": {
            "SDQ_SDQ_Prosocial": -0.16694131801577108,
            "APQ_P_APQ_P_INV": -0.05146237475234625,
            "ColorVision_CV_Score": 0.0063756414788784565,
            "MRI_Track_Age_at_Scan": 0.01108107803000122,
            "APQ_P_APQ_P_PP": 0.013556442828848886,
            "EHQ_EHQ_Total": 0.017211417337263873,
            "APQ_P_APQ_P_PM": 0.03672662445677798,
            "APQ_P_APQ_P_CP": 0.0677712173991943,
            "APQ_P_APQ_P_ID": 0.12969204543408827,
            "APQ_P_APQ_P_OPD": 0.14298795659576047
        }
    },
    "connectome": {
        "num_columns": 19901,
        "missing_values": 0.0,
        "column_stats": {
            "0throw_1thcolumn": {
                "count": 10.0,
                "mean": 0.052369728259353876,
                "std": 0.04558296288517351,
                "min": -0.0515796811041808,
                "25%": 0.0335571652071603,
                "50%": 0.06447301797030255,
                "75%": 0.08781417486481824,
                "max": 0.0970015876844083
            },
            "0throw_2thcolumn": {
                "count": 10.0,
                "mean": 0.11665953701175309,
                "std": 0.06177216126370193,
                "min": 0.0242903043093192,
                "25%": 0.07381923463050517,
                "50%": 0.11922380015875735,
                "75%": 0.1696408149034882,
                "max": 0.2047015410840512
            },
            "0throw_3thcolumn": {
                "count": 10.0,
                "mean": 0.09193673391626159,
                "std": 0.03676120214925389,
                "min": 0.0211603416755385,
                "25%": 0.06960194711381748,
                "50%": 0.09706337523571135,
                "75%": 0.11156472633010725,